<?xml version="1.0" encoding="UTF-8"?>

<beans xmlns="http://www.springframework.org/schema/beans"
       xmlns:xsi="http://www.w3.org/2001/XMLSchema-instance"
       xmlns:context="http://www.springframework.org/schema/context"
       xmlns:mvc="http://www.springframework.org/schema/mvc"
       xsi:schemaLocation="http://www.springframework.org/schema/beans http://www.springframework.org/schema/beans/spring-beans-3.0.xsd
                http://www.springframework.org/schema/mvc http://www.springframework.org/schema/mvc/spring-mvc-3.0.xsd
             http://www.springframework.org/schema/context http://www.springframework.org/schema/context/spring-context.xsd">

    <bean id="contentNegotiationManager"
          class="org.springframework.web.accept.ContentNegotiationManagerFactoryBean">
        <property name="defaultContentType" value="application/json;charset=UTF-8"/>
    </bean>

    <mvc:annotation-driven/>
    <context:annotation-config/>
    <context:component-scan base-package="com.yachao.controller"/>
    <!--<aop:aspectj-autoproxy proxy-target-class="true"/>-->


    <mvc:annotation-driven>
        <mvc:message-converters>
            <ref bean="stringHttpMessageConverter"/>
        </mvc:message-converters>
    </mvc:annotation-driven>

    <bean id="stringHttpMessageConverter" class="org.springframework.http.converter.StringHttpMessageConverter">
        <constructor-arg name="defaultCharset" value="UTF-8"/>
        <property name="supportedMediaTypes">
            <list>
                <!--若自定义charset,可text/plain;charset=UTF-8-->
                <value>text/plain</value>
            </list>
        </property>
    </bean>
</beans>
